[
    {"description":"דירה רחבת ידיים", "fullAddress":"צבי 4 רמת גן","numBeds":15,"price":550},
    {"description":"דירה רחבת ידיים", "fullAddress":"צבי 4 רמת גן","numBeds":15,"price":850},
    {"description":"דירה רחבת ידיים", "fullAddress":"צבי 4 רמת גן","numBeds":15,"price":390},
    {"description":"דירה רחבת ידיים", "fullAddress":"צבי 4 רמת גן","numBeds":15,"price":300},
    {"description":"דירה רחבת ידיים", "fullAddress":"צבי 4 רמת גן","numBeds":15,"price":150},
    {"description":"דירה רחבת ידיים", "fullAddress":"צבי 4 רמת גן","numBeds":15,"price":200},
    {"description":"דירה רחבת ידיים", "fullAddress":"צבי 4 רמת גן","numBeds":15,"price":400},
    {"description":"דירה רחבת ידיים", "fullAddress":"צבי 4 רמת גן","numBeds":15,"price":500},
    {"description":"דירה רחבת ידיים", "fullAddress":"צבי 4 רמת גן","numBeds":15,"price":760},
    {"description":"דירה רחבת ידיים", "fullAddress":"צבי 4 רמת גן","numBeds":15,"price":800},
    {"description":"דירה רחבת ידיים", "fullAddress":"צבי 4 רמת גן","numBeds":15,"price":900}
]

