{
  "hash": "c3af028f",
  "configHash": "7ae1298a",
  "lockfileHash": "707305f9",
  "browserHash": "f86c4433",
  "optimized": {
    "@angular/common": {
      "src": "../../../../../../node_modules/@angular/common/fesm2022/common.mjs",
      "file": "@angular_common.js",
      "fileHash": "c8842b91",
      "needsInterop": false
    },
    "@angular/common/http": {
      "src": "../../../../../../node_modules/@angular/common/fesm2022/http.mjs",
      "file": "@angular_common_http.js",
      "fileHash": "b6d6b9b3",
      "needsInterop": false
    },
    "@angular/core": {
      "src": "../../../../../../node_modules/@angular/core/fesm2022/core.mjs",
      "file": "@angular_core.js",
      "fileHash": "50f0a25c",
      "needsInterop": false
    },
    "@angular/forms": {
      "src": "../../../../../../node_modules/@angular/forms/fesm2022/forms.mjs",
      "file": "@angular_forms.js",
      "fileHash": "470874f4",
      "needsInterop": false
    },
    "@angular/material/core": {
      "src": "../../../../../../node_modules/@angular/material/fesm2022/core.mjs",
      "file": "@angular_material_core.js",
      "fileHash": "679a4337",
      "needsInterop": false
    },
    "@angular/material/datepicker": {
      "src": "../../../../../../node_modules/@angular/material/fesm2022/datepicker.mjs",
      "file": "@angular_material_datepicker.js",
      "fileHash": "ff4bb296",
      "needsInterop": false
    },
    "@angular/material/dialog": {
      "src": "../../../../../../node_modules/@angular/material/fesm2022/dialog.mjs",
      "file": "@angular_material_dialog.js",
      "fileHash": "b7a26b32",
      "needsInterop": false
    },
    "@angular/material/form-field": {
      "src": "../../../../../../node_modules/@angular/material/fesm2022/form-field.mjs",
      "file": "@angular_material_form-field.js",
      "fileHash": "576d20fc",
      "needsInterop": false
    },
    "@angular/material/icon": {
      "src": "../../../../../../node_modules/@angular/material/fesm2022/icon.mjs",
      "file": "@angular_material_icon.js",
      "fileHash": "91493e26",
      "needsInterop": false
    },
    "@angular/material/input": {
      "src": "../../../../../../node_modules/@angular/material/fesm2022/input.mjs",
      "file": "@angular_material_input.js",
      "fileHash": "40bb0e10",
      "needsInterop": false
    },
    "@angular/platform-browser": {
      "src": "../../../../../../node_modules/@angular/platform-browser/fesm2022/platform-browser.mjs",
      "file": "@angular_platform-browser.js",
      "fileHash": "879371f3",
      "needsInterop": false
    },
    "@angular/router": {
      "src": "../../../../../../node_modules/@angular/router/fesm2022/router.mjs",
      "file": "@angular_router.js",
      "fileHash": "39668e18",
      "needsInterop": false
    },
    "rxjs": {
      "src": "../../../../../../node_modules/rxjs/dist/esm5/index.js",
      "file": "rxjs.js",
      "fileHash": "3c97a45a",
      "needsInterop": false
    },
    "rxjs/operators": {
      "src": "../../../../../../node_modules/rxjs/dist/esm5/operators/index.js",
      "file": "rxjs_operators.js",
      "fileHash": "a5aa5f32",
      "needsInterop": false
    }
  },
  "chunks": {
    "chunk-ESAWX5OJ": {
      "file": "chunk-ESAWX5OJ.js"
    },
    "chunk-3EPUT52W": {
      "file": "chunk-3EPUT52W.js"
    },
    "chunk-UGYIIXGR": {
      "file": "chunk-UGYIIXGR.js"
    },
    "chunk-MF7VYBZO": {
      "file": "chunk-MF7VYBZO.js"
    },
    "chunk-2ARO4NRW": {
      "file": "chunk-2ARO4NRW.js"
    },
    "chunk-6HUVIL2Y": {
      "file": "chunk-6HUVIL2Y.js"
    },
    "chunk-EWEDDR7Y": {
      "file": "chunk-EWEDDR7Y.js"
    },
    "chunk-W7PRMRDB": {
      "file": "chunk-W7PRMRDB.js"
    },
    "chunk-UPHU65SL": {
      "file": "chunk-UPHU65SL.js"
    },
    "chunk-JXUJCQBB": {
      "file": "chunk-JXUJCQBB.js"
    },
    "chunk-X7VIFLP3": {
      "file": "chunk-X7VIFLP3.js"
    },
    "chunk-JVCQK7Z2": {
      "file": "chunk-JVCQK7Z2.js"
    },
    "chunk-XDOTOCSQ": {
      "file": "chunk-XDOTOCSQ.js"
    },
    "chunk-OMXP4SJ4": {
      "file": "chunk-OMXP4SJ4.js"
    },
    "chunk-WSXI74FV": {
      "file": "chunk-WSXI74FV.js"
    },
    "chunk-LBBSG2YE": {
      "file": "chunk-LBBSG2YE.js"
    },
    "chunk-NGNUV6BG": {
      "file": "chunk-NGNUV6BG.js"
    }
  }
}