
{
    "ערד": ["city", "ערד"],
  "בריכה": ["pool", true],
  "בלי בריכה": ["pool", false],
   "ללא בריכה": ["pool", false],
  "חניה": ["parking", true],
  "בלי חניה": ["parking", false],
   "ללא חניה": ["parking", false],
  "מעלית": ["elevator", true],
  "בלי מעלית": ["elevator", false],
   "ללא מעלית": ["elevator", false],
  "מיטות": ["beds", "number"],
   "מיטה": ["beds", "number"],
  "עד": ["price", "max_number"],
  "מחיר": ["price", "number"],
   "תקציב": ["price", "number"],
   "שקל": ["price", "number"],
   "אזור": ["location", "text"],
   "צפון": ["location", "text"],
   "דרום": ["location", "text"],
   "מרכז": ["location", "text"],
  "מתקני חצר": ["yard_features", "list"],
  /////////////
   "ערסל": ["[hammock]", "ירושלים"],
  "טרמפולינה": ["city", "מודיעין"],
  "נדנידה": ["city", "בית שמש"],
  "מערכת ישיבה": ["city", "מעלות"],
  ////////////////////
  "עיר": ["city", "text"],
  "מרפסת": ["balcony", true],
  "בלי מרפסת": ["balcony", false],
  "נגישות": ["accessible", true],
  "ללא נגישות": ["accessible", false],
  "ממד": ["mamad", true],
  "בלי ממד": ["mamad", false],
  "חיפה": ["city", "חיפה"],
  "טבריה": ["city", "טבריה"],
  "צפת": ["city", "צפת"],
  "נהריה": ["city", "נהריה"],
  "עכו": ["city", "עכו"],
  "בנימינה": ["city", "בנימינה"],
  "נתניה": ["city", "נתניה"],
  "הרצליה": ["city", "הרצליה"],
  "תל אביב": ["city", "תל אביב"],
  "יפו": ["city", "יפו"],
  "רמת גן": ["city", "רמת גן"],
  "בני ברק": ["city", "בני ברק"],
  "פתח תקווה": ["city", "פתח תקווה"],
  "ראשון לציון": ["city", "ראשון לציון"],
  "רחובות": ["city", "רחובות"],
  "אשדוד": ["city", "אשדוד"],
  "אשקלון": ["city", "אשקלון"],
  "באר שבע": ["city", "באר שבע"],
  "אילת": ["city", "אילת"],
  "ירושלים": ["city", "ירושלים"],
  "מודיעין": ["city", "מודיעין"],
  "בית שמש": ["city", "בית שמש"],
  "מעלות": ["city", "מעלות"],
  "מגדל העמק": ["city", "מגדל העמק"],
  "טירת הכרמל": ["city", "טירת הכרמל"],

}
